threads,T_serial,T_parallel,speedup,efficiency
1,0.625217380,0.382071380,1.636388940,1.636388940
2,0.625217380,0.197059875,3.172727988,1.586363994
4,0.625217380,0.093635940,6.677109063,1.669277266
7,0.625217380,0.070172660,8.909700445,1.272814349
8,0.625217380,0.063695190,9.815770710,1.226971339
16,0.625217380,0.046353773,13.487950109,0.842996882
20,0.625217380,0.047087615,13.277745792,0.663887290
40,0.625217380,0.046548197,13.431613256,0.335790331
