threads,T_serial,T_parallel,speedup,efficiency
1,3.368950162,1.635618166,2.059741223,2.059741223
2,3.368950162,0.814554847,4.135940229,2.067970114
4,3.368950162,0.411448034,8.188033189,2.047008297
7,3.368950162,0.196553469,17.140120578,2.448588654
8,3.368950162,0.168304926,20.016943330,2.502117916
16,3.368950162,0.127581250,26.406310891,1.650394431
20,3.368950162,0.144962049,23.240221719,1.162011086
40,3.368950162,0.135240232,24.910857584,0.622771440
