threads,speedup
1,1.0017
2,1.94617
4,2.93838
7,5.31972
8,5.91366
16,6.86674
20,10.1797
40,16.9992
