threads,speedup
1,1.49882
2,2.48677
4,5.25658
7,7.17417
8,7.29616
16,18.1456
20,14.9365
40,13.5955
