threads,speedup
1,0.916566
2,1.59983
4,2.17653
7,1.93437
8,1.96994
16,3.99912
20,17.612
40,4.46046
