threads,speedup
1,1.01475
2,1.82311
4,3.12585
7,4.50108
8,5.0324
16,5.33998
20,6.15768
40,5.89794
