threads,T_serial,T_blocks,S_blocks,E_blocks,T_whole,S_whole,E_whole
1,2.75862,18.4568,0.149464,0.149464,18.702,0.147504,0.147504
2,2.75862,9.36137,0.294681,0.147341,9.54163,0.289114,0.144557
4,2.75862,4.79983,0.574734,0.143683,4.80344,0.574301,0.143575
8,2.75862,2.644,1.04335,0.130419,2.70879,1.0184,0.1273
16,2.75862,1.5008,1.8381,0.114881,1.46606,1.88165,0.117603
20,2.75862,1.33377,2.06829,0.103414,1.29264,2.1341,0.106705
40,2.75862,1.11196,2.48087,0.0620217,1.20369,2.2918,0.0572951
