threads,T_seq,T_v1,S_v1,T_v2,S_v2
1,166.306,177.593,0.936447,174.669,0.952126
2,166.306,117.687,1.41313,122.675,1.35566
4,166.306,93.1386,1.78558,92.0502,1.80669
8,166.306,87.4194,1.9024,89.4516,1.85918
16,166.306,62.6101,2.65622,60.3938,2.7537
20,166.306,59.7151,2.785,59.6777,2.78674
40,166.306,59.8801,2.77733,62.153,2.67576
