threads,S_par,S_at
1,7.90069e-08,7.66244e-08
2,1.53884e-07,1.9654e-08
4,2.92763e-07,1.54221e-08
7,4.66961e-07,1.31474e-08
8,5.8178e-07,1.28466e-08
16,1.00927e-06,1.08788e-08
20,1.07974e-06,1.08213e-08
40,2.24246e-06,1.06961e-08
