threads,T_par,S_par,T_at,S_at
1,0.445503,1,0.448644,1
2,0.231389,1.92534,1.55667,0.288207
4,0.124321,3.58349,3.44256,0.130323
7,0.0759757,5.86375,3.08744,0.145313
8,0.0663226,6.71721,3.67779,0.121987
16,0.0403004,11.0546,3.49532,0.128356
20,0.0339844,13.109,3.64695,0.123019
40,0.0315309,14.1291,3.9916,0.112397
